CREATE TABLE FORNECEDOR  (
    cod_F       CHAR(5) NOT NULL ,
    nome_F      VARCHAR2(20) NOT NULL,
    morada_F    VARCHAR2(20),
CONSTRAINT  PK_FORNECEDOR   PRIMARY KEY (cod_F));

INSERT INTO FORNECEDOR VALUES ('F0001','Fornecedor1', 'R001');
INSERT INTO FORNECEDOR VALUES ('F0002','Fornecedor2', 'R002');
INSERT INTO FORNECEDOR VALUES ('F0003','Fornecedor3', 'R003');
INSERT INTO FORNECEDOR VALUES ('F0004','Fornecedor4', 'R004');
INSERT INTO FORNECEDOR VALUES ('F0005','Fornecedor5', 'R005');

CREATE TABLE ARTIGO  (
    cod_A       CHAR(4) NOT NULL ,
    nome_A      VARCHAR2(20) NOT NULL,
    cor_A       VARCHAR2(10),
CONSTRAINT  PK_ARTIG   PRIMARY KEY (cod_A));

INSERT INTO ARTIGO VALUES ('A001','Artigo1', 'verde');
INSERT INTO ARTIGO VALUES ('A002','Artigo2', 'vermelha');
INSERT INTO ARTIGO VALUES ('A003','Artigo3', 'amarela');
INSERT INTO ARTIGO VALUES ('A004','Artigo4', 'vermelha');
INSERT INTO ARTIGO VALUES ('A005','Artigo5', 'verde');
INSERT INTO ARTIGO VALUES ('A006','Artigo6', 'azul');
INSERT INTO ARTIGO VALUES ('A007','Artigo7', 'vermelha');
INSERT INTO ARTIGO VALUES ('A008','Artigo8', 'azul');
INSERT INTO ARTIGO VALUES ('A009','Artigo9', 'verde');

CREATE TABLE CATALOGO (
    cod_F        CHAR(5),
    cod_A        CHAR(4),
    preco_A      NUMBER(4,2) DEFAULT (0),
CONSTRAINT CK_CATALOGO_preco_A CHECK (Preco_A >= 0),
CONSTRAINT PK_CATALOGO  PRIMARY KEY (cod_F, cod_A),
CONSTRAINT FK_CATALOGO_FORNECEDOR_cod_F  FOREIGN KEY (cod_F) REFERENCES FORNECEDOR(cod_F),
CONSTRAINT FK_CATALOGO_ARTIG_cod_A  FOREIGN KEY (cod_A) REFERENCES ARTIGO(cod_A));

INSERT INTO CATALOGO VALUES ('F0001', 'A001', 5.00);
INSERT INTO CATALOGO VALUES ('F0001', 'A002', 15.00);
INSERT INTO CATALOGO VALUES ('F0002', 'A006', 25.00);
INSERT INTO CATALOGO VALUES ('F0003', 'A003', 12.00);
INSERT INTO CATALOGO VALUES ('F0003', 'A004', 7.50);
INSERT INTO CATALOGO VALUES ('F0003', 'A007', 33.00);
INSERT INTO CATALOGO VALUES ('F0004', 'A002', 14.50);
INSERT INTO CATALOGO VALUES ('F0004', 'A003', 11.00);
INSERT INTO CATALOGO VALUES ('F0005', 'A002', 15.00);
INSERT INTO CATALOGO VALUES ('F0005', 'A007', 21.00);

--- EXERCíCIO  3


CREATE TABLE FUNCIONARIO  (
    f_numero    NUMBER NOT NULL,
    f_nome      VARCHAR2(20) NOT NULL,
    f_data_nasc DATE NOT NULL,
    f_salario   NUMBER(6,2),
CONSTRAINT  CK_FUNCIONARIO_f_salario CHECK (f_salario > 0),     
CONSTRAINT  PK_FUNCIONARIO   PRIMARY KEY (f_numero));

INSERT INTO FUNCIONARIO VALUES (19800001, 'Funcionario1', '16-02-1960', 875.00);
INSERT INTO FUNCIONARIO VALUES (19820002, 'Funcionario2', '23-05-1964', 1000.00);
INSERT INTO FUNCIONARIO VALUES (19840003, 'Funcionario3', '19-09-1972', 5150.00);
INSERT INTO FUNCIONARIO VALUES (19850004, 'Funcionario4', '05-08-1977', 1080.00);
INSERT INTO FUNCIONARIO VALUES (19870005, 'Funcionario5', '25-04-1975', 980.00);
INSERT INTO FUNCIONARIO VALUES (19880006, 'Funcionario6', '25-12-1970', 770.00);
INSERT INTO FUNCIONARIO VALUES (19900007, 'Funcionario7', '01-01-1978', 4100.00);
INSERT INTO FUNCIONARIO VALUES (19900008, 'Funcionario8', '03-03-1979', 1800.00);
INSERT INTO FUNCIONARIO VALUES (19900009, 'Funcionario9', '17-06-1980', 1250.00);
INSERT INTO FUNCIONARIO VALUES (19920010, 'Funcionario10', '20-10-1981', 1250.00);
INSERT INTO FUNCIONARIO VALUES (19920011, 'Funcionario11', '12-11-1981', 1750.00);
INSERT INTO FUNCIONARIO VALUES (19940012, 'Funcionario12', '25-04-1975', 1400.00);
INSERT INTO FUNCIONARIO VALUES (19950013, 'Funcionario13', '08-07-1982', 1500.00);
INSERT INTO FUNCIONARIO VALUES (19960014, 'Funcionario14', '04-04-1978', 900.00);
INSERT INTO FUNCIONARIO VALUES (19960015, 'Funcionario15', '22-08-1983', 5850.00);


CREATE TABLE DEPARTAMENTO1  (
    d_codigo         NUMBER NOT NULL,
    d_nome           VARCHAR2(20) NOT NULL,
    d_orcamento      NUMBER(7,2),
    ident_gestor     NUMBER,
CONSTRAINT  CK_DEPARTAMENTO_d_orcamento CHECK (d_orcamento >= 0),
CONSTRAINT FK_DEPART_FUNC_ident_gestor  FOREIGN KEY (ident_gestor) REFERENCES FUNCIONARIO(f_numero),
CONSTRAINT  PK_DEPARTAMENTO   PRIMARY KEY (d_codigo));

INSERT INTO DEPARTAMENTO VALUES (1000, 'Informatica', 4000.00, 19900008);
INSERT INTO DEPARTAMENTO VALUES (2000, 'Mecanica', 8000.00, 19900008);
INSERT INTO DEPARTAMENTO VALUES (3000, 'Electrotecnia', 14000.00, 19940012);
INSERT INTO DEPARTAMENTO VALUES (4000, 'Geotecnia', 2000.00, 19920011);
INSERT INTO DEPARTAMENTO VALUES (5000, 'Quimica', 7000.00, 19900009);
INSERT INTO DEPARTAMENTO VALUES (6000, 'Fisica', 3000.00, 19950013);
INSERT INTO DEPARTAMENTO VALUES (7000, 'Civil', 5000.00, 19920010);


CREATE TABLE FUNC_DEPART  (
    f_numero        NUMBER,
    d_codigo        NUMBER,
    p_tempo         NUMBER NOT NULL,
CONSTRAINT FK_FUNC_DEPART_FUNC_f_numero  FOREIGN KEY (f_numero) REFERENCES FUNCIONARIO(f_numero),
CONSTRAINT FK_FUNC_DEPART_DEPART_d_codigo  FOREIGN KEY (d_codigo) REFERENCES DEPARTAMENTO(d_codigo),
CONSTRAINT  PK_FUNC_DEPART   PRIMARY KEY (f_numero, d_codigo));

INSERT INTO FUNC_DEPART VALUES (19800001, 1000, 80);
INSERT INTO FUNC_DEPART VALUES (19800001, 5000, 20);
INSERT INTO FUNC_DEPART VALUES (19820002, 3000, 40);
INSERT INTO FUNC_DEPART VALUES (19820002, 5000, 40);
INSERT INTO FUNC_DEPART VALUES (19820002, 7000, 20);
INSERT INTO FUNC_DEPART VALUES (19840003, 4000, 60);
INSERT INTO FUNC_DEPART VALUES (19840003, 6000, 40);
INSERT INTO FUNC_DEPART VALUES (19850004, 7000, 100);
INSERT INTO FUNC_DEPART VALUES (19870005, 1000, 10);
INSERT INTO FUNC_DEPART VALUES (19870005, 2000, 70);
INSERT INTO FUNC_DEPART VALUES (19870005, 3000, 20);
INSERT INTO FUNC_DEPART VALUES (19880006, 5000, 100);
INSERT INTO FUNC_DEPART VALUES (19900007, 4000, 70);
INSERT INTO FUNC_DEPART VALUES (19900007, 6000, 30);
INSERT INTO FUNC_DEPART VALUES (19900008, 1000, 50);
INSERT INTO FUNC_DEPART VALUES (19900008, 2000, 50);
INSERT INTO FUNC_DEPART VALUES (19900008, 3000, 100);
INSERT INTO FUNC_DEPART VALUES (19900009, 5000, 100);
INSERT INTO FUNC_DEPART VALUES (19920010, 7000, 100);
INSERT INTO FUNC_DEPART VALUES (19920011, 4000, 100);
INSERT INTO FUNC_DEPART VALUES (19940012, 3000, 100);
INSERT INTO FUNC_DEPART VALUES (19950013, 6000, 100);
INSERT INTO FUNC_DEPART VALUES (19960014, 4000, 60);
INSERT INTO FUNC_DEPART VALUES (19960014, 5000, 40);
INSERT INTO FUNC_DEPART VALUES (19960015, 1000, 20);
INSERT INTO FUNC_DEPART VALUES (19960015, 3000, 30);
INSERT INTO FUNC_DEPART VALUES (19960015, 5000, 50);

-- Ex1 Ali1
-- SELECT 